EIN,Name,Address,City,State,Zip,Revenue,
951648219,ZOOLOGICAL SOCIETY OF SAN DIEGO,PO BOX 120551,SAN DIEGO,CA,92112-0551,"$294,950,888",
131740011,WILDLIFE CONSERVATION SOCIETY,2300 SOUTHERN BLVD,BRONX,NY,10460-1068,"$253,680,190",
363297716,OMAHA ZOO FOUNDATION,3701 S 10TH ST,OMAHA,NE,68107-2299,"$121,645,586",
942487469,MONTEREY BAY AQUARIUM FOUNDATION,886 CANNERY ROW,MONTEREY,CA,93940-1023,"$100,827,641",
362167918,SHEDD AQUARIUM SOCIETY,1200 S LAKE SHORE DR,CHICAGO,IL,60605-2402,"$82,931,011",
582574918,GEORGIA AQUARIUM INC,225 BAKER ST NW,ATLANTA,GA,30313-1809,"$78,679,470",
362167016,CHICAGO ZOOLOGICAL SOCIETY,3300 GOLF RD,BROOKFIELD,IL,60513-1060,"$75,972,435",
314390844,COLUMBUS ZOOLOGICAL PARK ASSOCIATION,PO BOX 400,POWELL,OH,43065-0400,"$68,790,640",
750991727,FORT WORTH ZOOLOGICAL ASSOCIATION INC,1989 COLONIAL PKWY,FORT WORTH,TX,76110-6640,"$55,009,360",
521121163,NATIONAL AQUARIUM INC,501 EAST PRATT,BALTIMORE,MD,21202-3574,"$52,007,376",
741590271,HOUSTON ZOO INC,1513 CAMBRIDGE ST,HOUSTON,TX,77030-1603,"$51,829,881",
386027356,DETROIT ZOOLOGICAL SOCIETY,8450 W TEN MILE ROAD,ROYAL OAK,MI,48067-0000,"$44,269,214",
470469782,OMAHA ZOOLOGICAL SOCIETY INC,3701 S 10TH ST,OMAHA,NE,68107-2299,"$43,182,807",
362512404,LINCOLN PARK ZOOLOGICAL SOCIETY,2001 N CLARK ST,CHICAGO,IL,60614-4712,"$42,319,087",
421661145,FRESNOS CHAFFEE ZOO CORPORATION,894 W BELMONT AVE,FRESNO,CA,93728-2807,"$41,629,807",
42297514,NEW ENGLAND AQUARIUM CORPORATION,CENTRAL WHARF,BOSTON,MA,02110-0000,"$41,538,810",
231352298,ZOOLOGICAL SOCIETY OF PHILADELPHIA,3400 W GIRARD AVE,PHILADELPHIA,PA,19104-1139,"$40,857,569",
351074747,INDIANAPOLIS ZOOLOGICAL SOCIETY INC,1200 W WASHINGTON ST,INDIANAPOLIS,IN,46222-4552,"$39,816,954",
310537171,ZOOLOGICAL SOCIETY OF CINCINNATI,3400 VINE ST,CINCINNATI,OH,45220-1333,"$39,124,139",
330532354,AQUARIUM OF THE PACIFIC,100 AQUARIUM WAY,LONG BEACH,CA,90802-8126,"$34,676,545",
840502539,DENVER ZOOLOGICAL FOUNDATION INC,2300 N STEELE ST,DENVER,CO,80205-5715,"$33,578,229",
916070005,WOODLAND PARK ZOOLOGICAL SOCIETY,5500 PHINNEY AVE N,SEATTLE,WA,98103-5865,"$33,341,893",
344440256,TOLEDO ZOOLOGICAL SOCIETY,PO BOX 140130,TOLEDO,OH,43614-0130,"$31,157,890",
436048888,FRIENDS OF THE ZOO INC OF KANSAS CITY MO,6800 ZOO DR,KANSAS CITY,MO,64132-1711,"$26,825,266",
237044950,TEXAS STATE AQUARIUM ASSOCIATION,2710 N SHORELINE BLVD,CORP CHRISTI,TX,78402-1004,"$25,061,777",
860174843,ARIZONA CENTER FOR NATURE CONSERVATION,455 N GALVIN PKWY,PHOENIX,AZ,85008-3431,"$24,513,760",
941429538,SAN FRANCISCO ZOOLOGICAL SOCIETY,1 ZOO RD,SAN FRANCISCO,CA,94132-1027,"$23,499,133",
270777846,DALLAS ZOO MANAGEMENT INC,650 S R L THORNTON FWY,DALLAS,TX,75203-3013,"$22,733,776",
621411210,NASHVILLE ZOO INC,3777 NOLENSVILLE ROAD,NASHVILLE,TN,37211-3324,"$22,386,320",
581655184,ATLANTA-FULTON COUNTY ZOO INC,800 CHEROKEE AVE SE,ATLANTA,GA,30315-1470,"$21,997,547",
592086737,CLEARWATER MARINE AQUARIUM INC,249 WINDWARD PASSAGE,CLEARWATER,FL,33767-2244,"$21,393,581",
237236155,MEMPHIS ZOO INC,2000 PRENTISS PL,MEMPHIS,TN,38112-5033,"$21,004,239",
581837154,TENNESSEE AQUARIUM,PO BOX 11048,CHATTANOOGA,TN,37401-2048,"$20,742,080",
741323695,SAN ANTONIO ZOOLOGICAL SOCIETY INC,3903 N SAINT MARYS ST,SAN ANTONIO,TX,78212-3199,"$20,698,061",
251418766,ZOOLOGICAL SOCIETY OF PITTSBURGH,1 HILL RD,PITTSBURGH,PA,15206-1178,"$20,656,407",
61480300,SEA RESEARCH FOUNDATION INC,55 COOGAN BLVD,MYSTIC,CT,06355-1927,"$20,243,302",
941687847,EAST BAY ZOOLOGICAL SOCIETY,9777 GOLF LINKS RD,OAKLAND,CA,94605-4925,"$19,678,767",
431727309,THE SAINT LOUIS ZOO FOUNDATION,1 GOVERNMENT DR,SAINT LOUIS,MO,63110-1332,"$18,385,672",
591319010,JACKSONVILLE ZOOLOGICAL SOCIETY INC,370 ZOO PKWY,JACKSONVILLE,FL,32218-5770,"$17,892,221",
592328289,LOWRY PARK ZOOLOGICAL SOCIETY OF TAMPA INC,1101 W SLIGH AVE,TAMPA,FL,33604-5958,"$17,064,683",
570961897,SOUTH CAROLINA AQUARIUM,100 AQUARIUM WHARF,CHARLESTON,SC,29401-6300,"$16,658,599",
43129124,COMMONWEALTH ZOOLOGICAL CORPORATION,1 FRANKLIN PARK RD,BOSTON,MA,02121-3252,"$16,502,923",
592807815,FLORIDA AQUARIUM INC,701 CHANNELSIDE DR,TAMPA,FL,33602-5600,"$16,344,528",
520996352,MARYLAND ZOOLOGICAL SOCIETY INC,1876 MANSION HOUSE DR THE MARYLAND,BALTIMORE,MD,21217-0000,"$16,113,873",
486120530,SEDGWICK COUNTY ZOOLOGICAL SOCIETY INC,5555 W ZOO BLVD,WICHITA,KS,67212-1643,"$15,161,621",
730930870,TULSA ZOO MANAGEMENT INC,6421 E 36TH ST N,TULSA,OK,74115-2102,"$15,145,577",
870217405,UTAH ZOOLOGICAL SOCIETY,2625 E WASATCH DRIVE,SALT LAKE CITY,UT,84108-0000,"$14,978,894",
911189249,SEATTLE AQUARIUM SOCIETY-SEAS,1483 ALASKAN WAY PIER 59,SEATTLE,WA,98101-2015,"$14,554,699",
520853312,FRIENDS OF THE NATIONAL ZOO,PROPAGATION BLDG 3001 CONN AVE,WASHINGTON,DC,20008-0000,"$13,572,428",
621231591,BIRMINGHAM ZOO INC,2630 CAHABA RD,MOUNTAIN BRK,AL,35223-1106,"$13,246,487",
952369545,GREATER LOS ANGELES ZOO ASSOCIATION,5333 ZOO DR,LOS ANGELES,CA,90027-1451,"$13,238,398",
840407039,CHEYENNE MOUNTAIN ZOOLOGICAL SOCIETY,4250 CHEYENNE MT ZOO ROAD,COLORADO SPRINGS,CO,80906-0000,"$12,852,812",
346003866,AKRON ZOOLOGICAL PARK,500 EDGEWOOD AVE,AKRON,OH,44307-2114,"$12,076,657",
396077242,ZOOLOGICAL SOCIETY OF MILWAUKEE COUNTY,10005 W BLUEMOUND RD,MILWAUKEE,WI,53226-4346,"$11,820,769",
356068234,FORT WAYNE ZOOLOGICAL SOCIETY INC,3411 SHERMAN BLVD,FORT WAYNE,IN,46808-1522,"$11,344,723",
61062912,THE MARITIME AQUARIUM AT NORWALK INC,10 N WATER ST,SOUTH NORWALK,CT,06854-2228,"$10,877,852",
750964982,DALLAS ZOOLOGICAL SOCIETY,650 S R L THORNTON FWY,DALLAS,TX,75203-3013,"$10,538,528",
952268554,SANTA BARBARA ZOOLOGICAL FOUNDATION,500 NINOS DR,SANTA BARBARA,CA,93103-3759,"$10,142,484",
621034633,KNOXVILLE ZOOLOGICAL GARDENS INC,PO BOX 6040,KNOXVILLE,TN,37914-0040,"$9,477,630",
160911204,ZOOLOGICAL SOCIETY OF BUFFALO INC,300 PARKSIDE AVE,BUFFALO,NY,14214-1963,"$9,179,475",
592496749,EAST COAST ZOOLOGICAL SOCIETY OF FLORIDA INC,8225 N WICKHAM RD,MELBOURNE,FL,32940-7924,"$9,055,614",
930877807,OREGON COAST AQUARIUM INC,2820 SE FERRY SLIP RD,NEWPORT,OR,97365-5259,"$8,708,428",
591259270,ZOOLOGICAL SOCIETY OF THE PALM BEACHES INC,1301 SUMMIT BLVD,WEST PALM BCH,FL,33405-3035,"$8,488,252",
386076879,JOHN BALL ZOO,PO BOX 2506,GRAND RAPIDS,MI,49501-2506,"$8,146,275",
56016675,RHODE ISLAND ZOOLOGICAL SOCIETY,1000 ELMWOOD AVE,PROVIDENCE,RI,02907-3655,"$8,067,300",
561512990,THE NORTH CAROLINA AQUARIUM SOCIETY,3125 POPLARWOOD CT STE 160,RALEIGH,NC,27604-6434,"$7,857,967",
596192814,ZOO MIAMI FOUNDATION INC,12400 SW 152ND ST,MIAMI,FL,33177-1402,"$7,550,722",
340816490,CLEVELAND ZOOLOGICAL SOCIETY,3900 WILDLIFE WAY,CLEVELAND,OH,44109-3132,"$7,419,785",
10504905,GULF OF MAINE RESEARCH INSTITUTE,350 COMMERCIAL ST,PORTLAND,ME,04101-4618,"$7,407,287",
741604409,VALLEY ZOOLOGICAL SOCIETY CHARTERED MAY 1968,500 E RINGGOLD ST,BROWNSVILLE,TX,78520-7918,"$7,243,955",
942861667,SACRAMENTO ZOOLOGICAL SOCIETY,3930 W LAND PARK DR,SACRAMENTO,CA,95822-1123,"$7,032,297",
930718337,OREGON ZOO FOUNDATION,4001 SW CANYON RD,PORTLAND,OR,97221-2705,"$6,404,360",
560990900,NORTH CAROLINA ZOOLOGICAL SOCIETY INC,4403 ZOO PKWY,ASHEBORO,NC,27205-1425,"$6,282,920",
421171821,BLANK PARK ZOO FOUNDATION INC,7401 SW 9TH ST,DES MOINES,IA,50315-6667,"$6,173,886",
562412630,NAPLES ZOO INC,1590 GOODLETTE-FRANK ROAD,NAPLES,FL,34102-5260,"$5,555,378",
310971742,LOUISVILLE ZOO FOUNDATION INC,PO BOX 37250,LOUISVILLE,KY,40233-7250,"$5,394,736",
510163223,BINDER PARK ZOOLOGICAL SOCIETY INC,7400 DIVISION DR,BATTLE CREEK,MI,49014-9534,"$5,372,611",
160905390,SENECA ZOOLOGICAL SOCIETY,2222 SAINT PAUL ST,ROCHESTER,NY,14621-1097,"$5,027,238",
510147653,MINNESOTA ZOO FOUNDATION,13000 ZOO BLVD,APPLE VALLEY,MN,55124-4621,"$4,827,485",
466015015,ZOOLOGICAL SOCIETY OF SIOUX FALLS GREAT PLAINS ZOO & MUSEUM,805 S KIWANIS AVE,SIOUX FALLS,SD,57104-3716,"$4,804,108",
300457102,FRANKFURT ZOOLOGICAL SOCIETY US INC,3810 ARGYLE TER NW,WASHINGTON,DC,20011-5327,"$4,299,861",
591357197,CENTRAL FLORIDA ZOOLOGICAL SOCIETY INC,PO BOX 470309,LAKE MONROE,FL,32747-0309,"$4,224,834",
231970067,NORRISTOWN ZOOLOGICAL SOCIETY,1661 HARDING BLVD,NORRISTOWN,PA,19401-2974,"$4,095,123",
942379052,REID PARK ZOOLOGICAL SOCIETY,1030 S RANDOLPH WAY,TUCSON,AZ,85716-5835,"$4,026,538",
640734103,JACKSON ZOOLOGICAL SOCIETY INC,2918 W CAPITOL ST,JACKSON,MS,39209-4236,"$3,946,842",
135680691,STATEN ISLAND ZOOLOGICAL SOCIETY INC,614 BROADWAY,STATEN ISLAND,NY,10310-2827,"$3,900,468",
396077008,HENRY VILAS PARK ZOOLOGICAL SOCIETY,606 S RANDALL AVE,MADISON,WI,53715-1666,"$3,833,920",
521272309,VIRGINIA AQUARIUM & MARINE SCIENCE CENTER FOUNDATION INC,717 GENERAL BOOTH BLVD,VIRGINIA BCH,VA,23451-4811,"$3,638,819",
521272309,VIRGINIA AQUARIUM & MARINE SCIENCE CENTER FOUNDATION INC,717 GENERAL BOOTH BLVD,VIRGINIA BCH,VA,23451-4811,"$3,638,819",
581661267,FRIENDS OF THE ZOO INC,A NON-PROFIT ORGANIZATION 301 NORTH,CHATTANOOGA,TN,37404-0000,"$3,496,043",
521301162,NATIONAL AQUARIUM FOUNDATION INC,111 MARKET PL STE 800S,BALTIMORE,MD,21202-7103,"$3,467,503",
274284050,GEORGIA AQUARIUM FOUNDATION INC,225 BAKER ST NW,ATLANTA,GA,30313-1809,"$3,384,572",
237068821,CONNECTICUT ZOOLOGICAL SOCIETY INC,1875 NOBLE AVE,BRIDGEPORT,CT,06610-1646,"$3,376,727",
300180215,ROLLING HILLS ZOO FOUNDATION,PO BOX 856,SALINA,KS,67402-0856,"$3,230,475",
251114213,ERIE ZOOLOGICAL SOCIETY,PO BOX 3268,ERIE,PA,16508-0268,"$3,180,595",
590915177,SOUTH FLORIDA SCIENCE CENTER & AQUARIUM INC,AQUARIUM INC 4801 DREHER TRAIL NOR,WEST PALM BEACH,FL,33405-0000,"$3,127,999",
920039344,ALASKA ZOO,4731 OMALLEY RD,ANCHORAGE,AK,99507-6573,"$3,047,217",
581919174,ZOO FOUNDATION INC,DBA ALABAMA GULF COAST ZOO,GULF SHORES,AL,36542-0000,"$3,001,499",
351183974,POTAWATOMI ZOOLOGICAL SOCIETY INC,500 S GREENLAWN AVE,SOUTH BEND,IN,46615-1341,"$2,862,289",
237083532,FRIENDS OF THE ROSAMOND GIFFORD ZOO AT BURNET PARK INC,1 CONSERVATION PL,SYRACUSE,NY,13204-2590,"$2,844,298",
470482255,LINCOLN CHILDRENS ZOO,1222 S 27TH ST,LINCOLN,NE,68502-1832,"$2,827,287",
593216472,LOWRY PARK ZOO ENDOWMENT FOUNDATION INC,1101 W SLIGH AVE,TAMPA,FL,33604-5958,"$2,758,298",
50606070,LEHIGH VALLEY ZOOLOGICAL SOCIETY,PO BOX 519,SCHNECKSVILLE,PA,18078-0519,"$2,737,344",
510253147,VIRGINIA ZOOLOGICAL SOCIETY,3500 GRANBY ST,NORFOLK,VA,23504-1313,"$2,637,515",
371369420,PEORIA ZOOLOGICAL SOCIETY,2520 N PROSPECT ROAD,PEORIA,IL,61603-2129,"$2,425,322",
730688645,OKLAHOMA ZOOLOGICAL SOCIETY INC,PO BOX 18424,OKLAHOMA CITY,OK,73154-0424,"$2,286,500",
341963509,TOLEDO ZOOLOGICAL SOCIETY FOUNDATION,2700 BROADWAY ST,TOLEDO,OH,43609-3121,"$2,152,313",
237057714,HONOLULU ZOOLOGICAL SOCIETY,151 KAPAHULU AVENUE,HONOLULU,HI,96815-4011,"$2,133,810",
742927016,AUSTIN ZOO,PO BOX 91808,AUSTIN,TX,78709-1808,"$1,966,309",
826005995,IDAHO ZOOLOGICAL SOCIETY,355 E JULIA DAVIS DR,BOISE,ID,83702-7670,"$1,909,926",
311680106,CINCINNATI ZOO FOUNDATION INC,3400 VINE ST,CINCINNATI,OH,45220-1333,"$1,891,917",
161448764,NIAGARA AQUARIUM FOUNDATION INC,701 WHIRLPOOL ST,NIAGARA FALLS,NY,14301-1037,"$1,865,585",
410944885,LAKE SUPERIOR ZOOLOGICAL SOCIETY,7210 FREMONT ST,DULUTH,MN,55807-1854,"$1,862,652",
411940024,GREAT RIVER GREENING,35 WATER ST W STE 201,SAINT PAUL,MN,55107-2016,"$1,841,748",
486117369,FRIENDS OF THE TOPEKA ZOO INC,635 SW GAGE BLVD,TOPEKA,KS,66606-2066,"$1,795,506",
751226706,ABILENE ZOOLOGICAL SOCIETY,PO BOX 60,ABILENE,TX,79604-0060,"$1,695,678",
396065035,RACINE ZOOLOGICAL SOCIETY,2131 N MAIN STREET,RACINE,WI,53402-0000,"$1,687,658",
770569564,MONTEREY BAY AQUARIUM SUPPORT SERVICES,99 PACIFIC STREET,MONTEREY,CA,93940-2470,"$1,669,385",
840723360,PUEBLO ZOOLOGICAL SOCIETY,3455 NUCKOLLS AVE,PUEBLO,CO,81005-1234,"$1,547,183",
521647018,THE CENTER FOR AQUATIC SCIENCES INC,1 RIVERSIDE DR,CAMDEN,NJ,08103-1037,"$1,494,742",
160915407,UTICA ZOOLOGICAL SOCIETY,ONE UTICA ZOO WAY,UTICA,NY,13501-0000,"$1,487,963",
237096596,FRIENDS OF THE ZOO OF SPRINGFIELD MISSOURI INC,3043 N FORT AVE,SPRINGFIELD,MO,65803-1052,"$1,465,748",
382153808,POTTER PARK ZOOLOGICAL SOCIETY,1301 S PENNSYLVANIA AVE,LANSING,MI,48912-1646,"$1,442,822",
510160007,FRIENDS OF SANTA ANA ZOO,1801 W CHESTNUT AVE,SANTA ANA,CA,92701-0000,"$1,383,232",
237394067,DAKOTA ZOOLOGICAL SOCIETY INC,PO BOX 711,BISMARCK,ND,58502-0711,"$1,362,641",
363938878,RED RIVER ZOOLOGICAL SOCIETY,4255 23RD AVE S,FARGO,ND,58104-8786,"$1,361,764",
222137384,ZOOLOGICAL SOCIETY OF NEW JERSEY,560 NORTHFIELD AVE,WEST ORANGE,NJ,07052-2431,"$1,343,413",
237219471,HAPPY HOLLOW CORPORATION,1300 SENTER RD,SAN JOSE,CA,95112-2520,"$1,325,742",
201935855,GLOBAL WILDLIFE TRUST INC,13019 CATOCTIN FURNACE RD,THURMONT,MD,21788-2134,"$1,304,420",
222961917,CAPE MAY COUNTY ZOOLOGICAL SOCIETY INC,707 N ROUTE 9,CAPE MAY CH,NJ,08210-1640,"$1,252,934",
330585381,FRIENDS OF CABRILLO MARINE AQUARIUM,3720 STEPHEN M WHITE DR,SAN PEDRO,CA,90731-7012,"$1,177,809",
396795665,ZOOLOGICAL SOCIETY OF MILWAUKEE COUNTY ENDOWMENT TR,10005 W BLUEMOUND RD,MILWAUKEE,WI,53226-4346,"$1,117,613",
916066667,POINT DEFIANCE ZOOLOGICAL SOCIETY,5400 NORTH PEARL STREET,TACOMA,WA,98407-3224,"$1,110,564",
166071439,SOUTHERN TIER ZOOLOGICAL SOCIETY INC,185 PARK AVE,BINGHAMTON,NY,13903-3643,"$1,107,863",
562410108,SEQUOIA PARK ZOO FOUNDATION,PO BOX 123,CUTTEN,CA,95534-0123,"$1,052,649",
810411290,ZOOMONTANA INC,2100 S SHILOH RD,BILLINGS,MT,59106-3908,"$969,618",
990322295,FRIENDS OF THE WAIKIKI AQUARIUM,2777 KALAKAUA AVE,HONOLULU,HI,96815-4027,"$965,144",
42661467,BUTTONWOOD PARK ZOOLOGICAL SOCIETY,425 HAWTHORN ST,NEW BEDFORD,MA,02740-1418,"$963,176",
311633140,HOLLYWILD ANIMAL PARK INC,2325 HAMPTON RD,WELLFORD,SC,29385-9010,"$927,977",
880410861,RIVERSIDE ZOOLOGICAL FOUNDATION,1600 S BELTLINE HWY W,SCOTTSBLUFF,NE,69361-1331,"$926,160",
751853975,GROVER NELSON PARK ZOOLOGICAL FOUNDATION,733 BUTTERNUT ST,ABILENE,TX,79602-2517,"$897,910",
593468228,ZOOWORLD ZOOLOGICAL AND BOTANICAL CONSERVATORY INC,9008 WEST HIGHWAY 98,PANAMA CITY BEACH,FL,32407-4235,"$871,358",
860549101,PRESCOTT ANIMAL PARK ASSOCIATION,1403 HERITAGE PARK RD,PRESCOTT,AZ,86301-6001,"$857,972",
260700095,IDAHO AQUARIUM INC,64 N COLE RD,BOISE,ID,83704-9105,"$845,483",
943126735,ZOOLOGICAL SOCIETY OF WASHINGTON,19525 SE 54TH ST,ISSAQUAH,WA,98027-8676,"$835,664",
43205211,NEW BEDFORD OCEANARIUM CORPORATION,PO BOX 1906,NEW BEDFORD,MA,02741-1906,"$808,367",
741290001,CAMERON PARK ZOOLOGICAL & BOTANICAL SOCIETY,1703 N 4TH ST,WACO,TX,76707-2463,"$806,114",
650659177,BIG CAT HABITAT GULF COAST SANCTUARY INC,PO BOX 50217,SARASOTA,FL,34232-0301,"$793,164",
382801805,SAGINAW VALLEY ZOOLOGICAL SOCIETY,1730 S WASHINGTON AVE,SAGINAW,MI,48601-2876,"$777,869",
541030634,MILL MOUNTAIN ZOO INC,PO BOX 13484,ROANOKE,VA,24034-3484,"$749,234",
841440122,COLORADO ZOOLOGICAL TRUST INC,2300 N STEELE ST,DENVER,CO,80205-5715,"$728,952",
521548155,PLUMPTON PARK ZOOLOGICAL GARDENS INC,1416 TELEGRAPH RD,RISING SUN,MD,21911-2025,"$713,517",
363599183,SOUTH DAKOTA DISCOVERY CENTER,805 W SIOUX AVE,PIERRE,SD,57501-1858,"$672,826",
742438003,VALLEY ZOOLOGICAL ENDOWMENT,500 E RINGGOLD ST,BROWNSVILLE,TX,78520-7918,"$668,299",
260391615,MONTEREY ZOOLOGICAL SOCIETY,400 RIVER RD,SALINAS,CA,93908-9627,"$665,837",
46145635,FOREST PARK ZOOLOGICAL SOCIETY INC,PO BOX 80295,SPRINGFIELD,MA,01138-0295,"$663,476",
741546326,SOUTH TEXAS ZOOLOGICAL SOCIETY,110 MEMORIAL DR,VICTORIA,TX,77901-6334,"$660,646",
746064341,EL PASO ZOOLOGICAL SOCIETY,4001 E PAISANO DR,EL PASO,TX,79905-4223,"$608,855",
510234751,DELAWARE ZOOLOGICAL SOCIETY INC,1001 N PARK DR,WILMINGTON,DE,19802-3801,"$604,286",
510193586,MONTGOMERY AREA ZOOLOGICAL SOCIETY INC,PO BOX 3242,MONTGOMERY,AL,36109-0242,"$592,177",
363293641,NIABI ZOOLOGICAL SOCIETY,12908 NIABI ZOO RD,COAL VALLEY,IL,61240-9467,"$572,665",
770296155,FRIENDS OF THE PALO ALTO JR MUSEUM AND ZOO,1451 MIDDLEFIELD RD,PALO ALTO,CA,94301-3351,"$536,864",
356031419,EVANSVILLE ZOOLOGICAL SOCIETY INC,1545 MESKER PARK DR,EVANSVILLE,IN,47720-8224,"$531,224",
237136059,ST LOUIS AQUACENTER INC,101 CHOUTEAU AVE,SAINT LOUIS,MO,63102-2406,"$528,832",
581647938,FRIENDS OF THE ALEXANDRIA ZOO,PO BOX 6015,ALEXANDRIA,LA,71307-6015,"$518,674",
391516018,NEW ZOOLOGICAL SOCIETY INC,PO BOX 12647,GREEN BAY,WI,54307-2647,"$516,678",
237294134,LAKE AREA ZOOLOGICAL SOCIETY,PO BOX 484,WATERTOWN,SD,57201-0484,"$509,566",
841146310,CHEYENNE MOUNTAIN ZOO ENDOWMENT FUND,4250 CHEYENNE MOUNTAIN ZOO RD,COLORADO SPGS,CO,80906-5728,"$493,244",
161407299,ZOOLOGICAL SOCIETY OF BUFFALO FOUNDATION INC,300 PARKSIDE AVE,BUFFALO,NY,14214-1963,"$487,956",
480830046,FRIENDS OF LEE RICHARDSON ZOO,PO BOX 1638,GARDEN CITY,KS,67846-1638,"$485,845",
510188367,CHAHINKAPA ZOO ASSOCIATION,PO BOX 1325,WAHPETON,ND,58074-1325,"$483,885",
521297264,SALISBURY ZOO COMMISSION INC,PO BOX 2979,SALISBURY,MD,21802-2979,"$447,869",
610721682,THE FRIENDS OF THE LOUISVILLE ZOO INCORPORATED,10837 BLUEGRASS PKWY,LOUISVILLE,KY,40299-2215,"$439,444",
271428324,NATIONAL AQUARIUM CONSERVATION CENTER INC,111 MARKET PLACE,BALTIMORE,MD,21202-4035,"$411,298",
721094494,FRIENDS OF THE BATON ROUGE ZOO,3601 IHOMAS ROAD,BATON ROUGE,LA,70807-0000,"$398,278",
480934987,SEDGWICK COUNTY ZOOLOGICAL FOUNDATION,5555 W ZOO BLVD,WICHITA,KS,67212-1643,"$395,058",
830347515,GINGERS PET RESCUE,1138 N 166TH ST,SHORELINE,WA,98133-5406,"$377,114",
272076836,A WALK ON THE WILD SIDE,294 NW 2ND AVE STE 329,CANBY,OR,97013-3624,"$363,440",
237057875,ZOO FRIENDS OF HOUSTON,6200 HERMANN PARK DR,HOUSTON,TX,77030-1710,"$357,429",
112677690,LI ZOOLOGICAL SOCIETY INC THE ANIMA L FARM,296 WADING RIVER RD,MANORVILLE,NY,11949-3433,"$354,947",
731317935,OKLAHOMA AQUARIUM FOUNDATION,300 S AQUARIUM DR,JENKS,OK,74037-4148,"$349,839",
800779739,HEALTHY KIDS RUNNING SERIES,381 BRINTON LAKE RD,THORNTON,PA,19373-1054,"$333,298",
752012852,FRIENDS OF THE ELLEN TROUT ZOO INC,2833 TED TROUT DRIVE,LUFKIN,TX,75904-3534,"$330,306",
237438056,NORTHWEST TREK FOUNDATION,11610 TREK DR E,EATONVILLE,WA,98328-9502,"$326,550",
320013455,WILDERNESS TRAILS ANIMAL PARK INC,11721 GERA RD,BIRCH RUN,MI,48415-9452,"$324,054",
770479110,CENTRAL COAST AQUARIUM,PO BOX 460,AVILA BEACH,CA,93424-0460,"$321,222",
263472262,COMAL COUNTY RIVER ZOO,1541 WHITE WATER RD,NEW BRAUNFELS,TX,78132-3284,"$319,346",
411949216,FRIENDS OF PINE GROVE ZOO,1200 W BROADWAY,LITTLE FALLS,MN,56345-5298,"$319,226",
352241655,ARKANSAS ZOOLOGICAL FOUNDATION INC,1 JONESBORO DRIVE,LITTLE ROCK,AR,72205-5403,"$318,300",
911538226,C A T T A L E S,17020 N NEWPORT HWY,MEAD,WA,99021-9539,"$305,681",
452553466,WILLOW PARK ZOO FOUNDATION INC,PO BOX 662,LOGAN,UT,84323-0662,"$300,480",
943026992,SAN JOAQUIN COUNTY ZOOLOGICAL SOCIETY,PO BOX 2000,LODI,CA,95241-2000,"$294,514",
264338166,MOTLEY ZOO ANIMAL RESCUE,23316 NE REDMOND FALL CITY ROAD 52,REDMOND,WA,98053-8376,"$293,817",
943194998,OCEANSALASKA,PO BOX 6383,KETCHIKAN,AK,99901-1383,"$277,540",
611237279,KENTUCKY REPTILE ZOO,200 LE RD,SLADE,KY,40376-0000,"$274,933",
450321791,GREATER MINOT ZOOLOGICAL SOCIETY,PO BOX 538,MINOT,ND,58702-0538,"$263,357",
272496960,THE W I L D CENTER AND ZOOLOGICAL PARK OF NEW ENGLAND,PO BOX 737,BARRINGTON,NH,03825-0737,"$255,340",
205786825,OREGON VOLLEYBALL ACADEMY,70 SW CENTURY DRIVE SUITE 100-340,BEND,OR,97702-3557,"$254,750",
274318102,LITTLE PONDEROSA ZOO AND RESCUE INC,629 GRANITE RD,CLINTON,TN,37716-5641,"$221,122",
990248039,FRIENDS OF THE PANAEWA ZOO,PO BOX 738,KEAAU,HI,96749-0738,"$219,959",
330350180,FRIENDS OF THE MOONRIDGE ZOO,PO BOX 2557,BIG BEAR CITY,CA,92314-2557,"$219,534",
521773305,DELMARVA ZOOLOGICAL SOCIETY INC,PO BOX 72,SALISBURY,MD,21803-0072,"$214,252",
770528762,AQUARIUS AQUARIUM INSTITUTE,5541 COLUMBIA DR N,FRESNO,CA,93727-6015,"$208,521",
880327020,SIERRA NEVADA ZOOLOGICAL SOCIETY INC,10200 N VIRGINIA ST,RENO,NV,89506-9203,"$208,241",
841542680,BIG CATS OF SERENITY SPRINGS INC,5119 CONSTITUTION AVE,COLORADO SPGS,CO,80915-1113,"$205,823",
133920404,GROWTH AND DEVELOPMENT SERVICES INC,216 FORT WASHINGTON AVE,NEW YORK,NY,10032-3704,"$200,400",
462459658,BRIDGEPORT DOLPHINS AQUATIC CLUB INC,4753 MADISON AVE,TRUMBULL,CT,06611-1748,"$188,824",
510156393,MILLER PARK ZOOLOGICAL SOCIETY,1020 S MORRIS AVE,BLOOMINGTON,IL,61701-6351,"$169,815",
820452111,TAUTPHAUS PARK ZOOLOGICAL SOCIETY INC,PO BOX 51794,IDAHO FALLS,ID,83405-1794,"$169,249",
202079203,GENERATION EXCEL YOUTH DEVELOPMENT PROGRAM INC,40 WALK HILL ST,JAMAICA PLAIN,MA,02130-4146,"$167,463",
273369646,BONNIE SPRINGS ZOO,16395 BLUE DIAMOND RD,BLUE DIAMOND,NV,89004-0000,"$167,264",
820471629,POCATELLO ZOOLOGICAL SOCIETY INC,3101 AVENUE OF THE CHIEFS,POCATELLO,ID,83204-2135,"$165,193",
721549177,DAKOTA ZOOLOGICAL SOCIETY ENDOWMENT FUND INC,PO BOX 711,BISMARCK,ND,58502-0711,"$161,627",
237131811,MICHIGAN CITY ZOOLOGICAL SOCIETY INC,PO BOX 315,MICHIGAN CITY,IN,46361-0315,"$155,421",
383230460,DOMINOS FARMS PETTING FARM,PO BOX 445,ANN ARBOR,MI,48106-0045,"$151,903",
260671367,AQUARIUM AT ROCKPORT HARBOR INC,706 NAVIGATION CIR,ROCKPORT,TX,78382-2779,"$147,506",
203536638,AQUARIUM OF BOISE INC,64 N COLE RD,BOISE,ID,83704-9105,"$143,249",
480833863,FRIENDS OF RIVERSIDE PARK ANDZOO ASSOCIATION INC,PO BOX 9,INDEPENDENCE,KS,67301-0009,"$140,611",
800621059,GRAND VALLEY ZOOLOGICAL QUEST,404 JURASSIC AVE A,FRUITA,CO,81521-7704,"$140,414",
480912929,EMPORIA FRIENDS OF THE ZOO INC,PO BOX 345,EMPORIA,KS,66801-0345,"$136,211",
263220166,GREAT LAKES ZOOLOGICAL SOCIETY,2395 S HURON PKWY STE 100,ANN ARBOR,MI,48104-5170,"$132,341",
650797196,COMMUNITY CASE MANAGEMENT INC,18425 NW 2ND AVE STE 312,MIAMI,FL,33169-4573,"$129,085",
592899571,PIER AQUARIUM INC,244 SECOND AVE N,ST PETERSBURG,FL,33701-3306,"$128,596",
262753192,TZU ZOO RESCUE,4101 POLSTAR DR,PLANO,TX,75093-6012,"$126,243",
900217980,FRIENDS OF THE BERGEN COUNTY ZOO INC,216 FOREST AVE,PARAMUS,NJ,07652-5349,"$117,066",
272019217,WILDERNESS PARADISE EDUCATIONAL AND ZOOLOGICAL PARK INC,14101 GUN CLUB RD,OKMULGEE,OK,74447-9346,"$116,272",
201917394,PHOENIX ZOO AUXILIARY,455 N GALVIN PKWY,PHOENIX,AZ,85008-3431,"$115,036",
542167319,YOUTH SAFETY COUNCIL OF VERMONT INC,PO BOX 991,MIDDLEBURY,VT,05753-0991,"$110,492",
263064303,BEAR PATH ACRES ANIMAL EDUCATIONAL CENTER,34574 SMITHS FERRY RD,FRANKLIN,VA,23851-4518,"$105,713",
455250037,FRIENDS OF THE CHARLES PADDOCK ZOO INCORPORATED,9305 PISMO AVE,ATASCADERO,CA,93422-4939,"$105,496",
411885810,PRESIDENTS COUNCIL OF PHA HIGHRISES OF ST PAUL,555 WABASHA ST N STE 400,SAINT PAUL,MN,55102-1602,"$105,160",
481186674,CEDAR COVE FELINE CONSERVATION PARK INC,3783 K68 HWY,LOUISBURG,KS,66053-8127,"$104,773",
271125802,ZOOLOGY FOUNDATION AT CROOKED WILLOW FARMS,10554 S PERRY PARK RD,LARKSPUR,CO,80118-7610,"$102,435",
480855669,FRIENDS OF SUNSET ZOO INC,2333 OAK ST,MANHATTAN,KS,66502-3824,"$96,168",
10412171,KISMA PRESERVE,PO BOX 84,TRENTON,ME,04605-0084,"$91,681",
510183465,FRIENDS OF THE LAFAYETTE ZOO INC,1915 SCOTT ST,LAFAYETTE,IN,47904-2929,"$90,781",
582206968,CHESTATEE WILDLIFE PRESERVE INC,469 OLD DAHLONEGA HWY,DAHLONEGA,GA,30533-5745,"$88,740",
371114494,SPRINGFIELD ZOOLOGICAL SOCIETY INC,1100 EAST LAKE DRIVE,SPRINGFIELD,IL,62712-5536,"$87,840",
570654589,FRIENDS OF THE GREENVILLE ZOO INC,150 CLEVELAND PARK DR,GREENVILLE,SC,29601-3147,"$82,622",
201500502,ZOO OUTREACH ORGANIZATION,PO BOX 1511,HIGH SPRINGS,FL,32655-1511,"$79,841",
391701591,LINCOLN PARK ZOOLOGICAL SOCIETY OF MANITOWOC COUNTY,PO BOX 321,MANITOWOC,WI,54221-0321,"$73,997",
204151013,HOPE IN THE VALLEY EQUINE RESCUEAND SANCTUARY INC,9025 N BROADWAY ST,VALLEY CENTER,KS,67147-8883,"$73,032",
464035568,WILDLIFE EDUCATION AND REHABILITATION OF LOUISIANA INC,PO BOX 771,BENTON,LA,71006-0771,"$72,416",
582304251,GREENVILLE ZOO EDUCATIONAL FOUNDATION INC,150 CLEVELAND PARK DR,GREENVILLE,SC,29601-3147,"$69,172",
720978369,LOUISIANA PURCHASE ZOOLOGICAL SOCIETY,PO BOX 155,MONROE,LA,71210-0155,"$68,319",
481015493,HUTCHINSON FRIENDS OF THE ZOO INC,PO BOX 2674,HUTCHINSON,KS,67504-2674,"$65,011",
311769189,ZSL AMERICA INC,1000 N WEST ST STE 1200,WILMINGTON,DE,19801-1058,"$63,264",
270457726,ZOOVILLE USA,4702 COOPER RD,PLANT CITY,FL,33565-3642,"$62,824",
651315102,FLORIDA INTERNATIONAL TEACHING ZOO INC,PO BOX 2319,BELLEVIEW,FL,34421-2319,"$60,835",
461818020,AUSTIN ZOOLOGICAL SOCIETY INC,PO BOX 1306,DRIPPING SPGS,TX,78620-1306,"$57,250",
582518635,MOBILE ZOO,15161 WARD RD W,WILMER,AL,36587-4011,"$53,441",
363668993,ASSOCIATION OF ZOO AND AQUARIUM DOCENTS AND VOLUNTEERS,2302 63RD ST W,BRADENTON,FL,34209-5507,"$52,687",
200052286,WILDLIFE EDUCATIONAL SERVICES INC,4140 N 600 W,GREENCASTLE,IN,46135-0000,"$51,824",
861145555,ZOOFARI INCORPORATED,PO BOX 78762,CORONA,CA,92877-0158,"$51,731",
942783698,FRIENDS OF THE FOLSOM ZOO INCORPORATED,PO BOX 704,FOLSOM,CA,95763-0704,"$50,826",
272982961,AKRON ZOOLOGICAL FOUNDATION INC,500 EDGEWOOD AVE,AKRON,OH,44307-2199,"$47,265",
263891762,MAD DOG WATER POLO,14792 CLAYTON RD,BALLWIN,MO,63011-2634,"$45,810",
237069912,THE FRANK BUCK ZOOLOGICAL SOCIETY,PO BOX 621,GAINESVILLE,TX,76241-0621,"$44,410",
237359790,WILDWOOD PARK ZOOLOGICAL SOCIETY INC OF MARSHFIELD WISCONSIN,PO BOX 523,MARSHFIELD,WI,54449-0523,"$39,576",
593406946,FLORIDA AQUARIUM FOUNDATION INC,701 CHANNELSIDE DR,TAMPA,FL,33602-5600,"$38,089",
721245195,FRIENDS OF THE ZOO OF ACADIANA INC,116 LAKEVIEW DR,BROUSSARD,LA,70518-8004,"$35,236",
30448912,SAFARI TODD WILDLIFE PRODUCTIONS INC,4983 BROOK RD,KISSIMMEE,FL,34758-2216,"$35,195",
391814102,FRIENDS OF THE IRVINE PARK ZOO INC,PO BOX 71,CHIPPEWA FLS,WI,54729-0071,"$33,308",
454954342,GREATER CLEVELAND AQUARIUM EDUCATION FUND,2000 SYCAMORE ST,CLEVELAND,OH,44113-2347,"$32,379",
454954342,GREATER CLEVELAND AQUARIUM EDUCATION FUND,2000 SYCAMORE ST,CLEVELAND,OH,44113-2347,"$32,379",
200000023,SAM AND CHRISTINE TROPHIA BUTTERFLY RESEARCH AND EDUCATION CENTER INC,PO BOX 6623,KEY WEST,FL,33041-6623,"$31,900",
521427780,POTOMAC VALLEY AQUARIUM SOCIETY INC GERALD HOFFMAN,PO BOX 664,MERRIFIELD,VA,22116-0664,"$31,486",
521427780,POTOMAC VALLEY AQUARIUM SOCIETY INC GERALD HOFFMAN,PO BOX 664,MERRIFIELD,VA,22116-0664,"$31,486",
30608822,THE ZOO INC,PO BOX 151896,ELY,NV,89315-1212,"$29,429",
640830535,HATTIESBURG ZOOLOGICAL SOCIETY INC,PO BOX 18574,HATTIESBURG,MS,39404-8574,"$28,979",
770011580,MERCED ZOOLOGICAL SOCIETY,PO BOX 408,MERCED,CA,95341-0408,"$25,880",
112461838,BROOKLYN AQUARIUM SOCIETY INC,2751 CONEY ISLAND AVE,BROOKLYN,NY,11235-5004,"$24,561",
112461838,BROOKLYN AQUARIUM SOCIETY INC,2751 CONEY ISLAND AVE,BROOKLYN,NY,11235-5004,"$24,561",
222544006,FRIENDS OF CAPRON PARK ZOO INC,PO BOX 821,ATTLEBORO,MA,02703-0014,"$23,604",
366206212,EWING ZOO FOUNDATION,109 E OLIVE ST,BLOOMINGTON,IL,61701-5217,"$21,485",
465309602,AQUAJAX INC,3832-10 BAYMEADOWS RD STE 183,JACKSONVILLE,FL,32217-5606,"$16,104",
931166963,GARDINER-REEDSPORT SALMON TROUT ENHANCEMENT PROGRAM STEP INC,PO BOX 235,REEDSPORT,OR,97467-0235,"$10,218",
272534871,FAIRVIEW ZOOLOGICAL FARM INC,1754 123RD AVE,WAPELLO,IA,52653-9550,"$10,000",
223334951,NEW ENGLAND AQUARIUM MARINE LIFE CENTER INC,177 MILK ST,BOSTON,MA,02109-3404,"$10,000",
320261515,UNITED STATES ZOOLOGICAL ASSOCIATION,25803 N COUNTRY ROAD,WYNNEWOOD,OK,73098-0000,"$8,828",
331060757,ZOO SAFARI INC,5301 EAR BOB RD,LOCUST GROVE,OK,74352-3383,"$8,284",
800362248,AMARILLO ZOOLOGICAL SOCIETY INC,PO BOX 1971,AMARILLO,TX,79105-1971,"$8,084",
341911811,CLEVELAND AQUARIUM INC,3412 RIDGE PARK DR,BROADVIEW HTS,OH,44147-2038,"$6,553",
752988054,BEAUFORT AQUARIUM INC,PO BOX 608,PORT ROYAL,SC,29935-0608,"$3,718",
920159854,ALASKA ZOO FOUNDATION,4731 OMALLEY RD,ANCHORAGE,AK,99507-6573,"$3,000",
161365762,SENECA ZOO SOCIETY DEVELOPMENT FUND INC,2222 SAINT PAUL ST,ROCHESTER,NY,14621-1029,"$1,647",
810510261,ZOOMONTANA FOUNDATION,2100 S SHILOH RD,BILLINGS,MT,59106-3908,$282,
330441729,ORANGE COUNTY ZOOLOGICAL SOCIETY,3055 W ORANGE STE 104,ORANGE,CA,92804-0000,$11,
237090795,ALABAMA ZOOLOGICAL SOCIETY,2630 CAHABA RD,MOUNTAIN BRK,AL,35223-1106,$0,
582010054,ARCHES INC,3101 BURRITT DR SE,HUNTSVILLE,AL,35801-1142,$0,
562421982,DOGS ONLY INC,PO BOX 251412,LITTLE ROCK,AR,72225-1412,$0,
861158055,COVENANT FARM INC,906 W LOUISIANA ST,BEEBE,AR,72012-2626,$0,
582084703,RIVERGLEN TIGER SHELTER,PO BOX 14,MOUNTAINBURG,AR,72946-0014,$0,
581969892,FRIENDS OF THE CROSSETT ZOO,506 E 13TH AVE,CROSSETT,AR,71635-3608,$0,
942911675,SOUTHERN ARIZONA VETERINARY MEDICAL ASSOCIATION,PO BOX 65832,TUCSON,AZ,85728-5832,$0,
465722865,ODYSEA AQUARIUM FOUNDATION INC,5900 N GRANITE REEF RD STE 200,SCOTTSDALE,AZ,85250-6280,$0,
262835562,MEETING WITH A GIANT INC,PO BOX 142,CAMINO,CA,95709-0142,$0,
463675600,BEVERLY HILLS CHILDRENS ZOO INC,127 N DOHENY DR,BEVERLY HILLS,CA,90211-1810,$0,
680427039,SAN FRANCISCO BAY AREA KOI CLUB,1050 LARCH AVE,MORAGA,CA,94556-1853,$0,
770372604,CENTRAL COAST AQUARIUM SOCIETY,1435 SHELL BEACH RD,SHELL BEACH,CA,93449-1955,$0,
770563022,OJAI VALLEY WHALE SOCIETY,PO BOX 282,OJAI,CA,93024-0282,$0,
912172286,TEEN VOLUNTEERS IN ACTION-SD1,2683 VIA DE LA VALLE STE G-205,DEL MAR,CA,92014-1911,$0,
931038589,AMERICAN ASSOCIATION OF ZOO KEEPERS,1 ZOO RD,SAN FRANCISCO,CA,94132-1027,$0,
262705836,SAN DIEGO MARINE AQUARIUM SOCIETY,PO BOX 600104,SAN DIEGO,CA,92160-0104,$0,
208456251,FOUNDATION OF THE ZOOLOGICALSOCIETY OF SAN DIEGO,PO BOX 120551,SAN DIEGO,CA,92112-0551,$0,
262941444,ZOOTOPIA,11554 STONEY BROOK CT,BEAUMONT,CA,92223-8029,$0,
463880932,ZOOLOGICAL DISCOVERY CENTER,PO BOX 271362,LITTLETON,CO,80127-0023,$0,
846038359,COLORADO AQUARIUM SOCIETY INC,PO BOX 1253,ARVADA,CO,80001-1253,$0,
454884615,MILFORD AQUARIUM INC,79 IVY LN,MILFORD,DE,19963-6382,$0,
320252098,INTERNATIONAL RHINO KEEPER ASSOCIATION,581705 WHITE OAK RD,YULEE,FL,32097-2169,$0,
650238309,NEW WORLD AQUARIUM INC,401 SW 2ND ST,FT LAUDERDALE,FL,33312-1707,$0,
593056325,GENESIS ZOOLOGICAL CENTER INC,PO BOX 1523,POLK CITY,FL,33868-1523,$0,
161665513,TAMPA BAY AQUARIUM SOCIETY,PO BOX 27044,TAMPA,FL,33623-7044,$0,
591576192,NORTH AMERICAN ZOOLOGICAL FOUNDATION,1666 79TH ST CSWY STE 300,NORTH BAY VLG,FL,33141-4189,$0,
261789113,SOUTHWEST FLORIDA MARINE AQUARIUM SOCIETY INC,PO BOX 62322,FORT MYERS,FL,33906-2322,$0,
475674817,HAVEN ZOO INC,4500 CLIPPER BAY RD,DULUTH,GA,30096-7001,$0,
611271373,MARINE AQUARIUM SOCIETIES OF NORTH AMERICA MASNA,PO BOX 105603,ATLANTA,GA,30348-5603,$0,
582525307,ZOOLOGICAL FOUNDATION OF GEORGIA INC,800 CHEROKEE AVE SE,ATLANTA,GA,30315-1470,$0,
223884232,ART ON THE ZOO FENCE INC,92-644 AAHUALII ST,KAPOLEI,HI,96707-1165,$0,
311640963,HONOLULU AQUARIUM SOCIETY,PO BOX 235791,HONOLULU,HI,96823-3513,$0,
421447097,MOUNT AYR PRESERVATION INC,201 E MONROE ST,MOUNT AYR,IA,50854-1726,$0,
421514648,FRIENDS OF OLESON PARK ZOO,PO BOX 33,FORT DODGE,IA,50501-0033,$0,
421207367,EASTERN IOWA AQUARIUM ASSOCIATION,PO BOX 2327,CEDAR RAPIDS,IA,52406-2327,$0,
421022531,SUNRISE CHILDRENS ZOO INC,PO BOX 1102,WATERLOO,IA,50704-1102,$0,
421053874,DUBUQUE CHILDRENS ZOO BOOSTERS,PO BOX 703,DUBUQUE,IA,52004-0703,$0,
421207367,EASTERN IOWA AQUARIUM ASSOCIATION,PO BOX 2327,CEDAR RAPIDS,IA,52406-2327,$0,
454088302,CHICAGO MARINE AQUARIUM SOCIETY,2268 WOODVIEW LN,PARK RIDGE,IL,60068-1042,$0,
272138872,ROCKFORD AQUARIUM,3616 STUBAI TRL,ROCKFORD,IL,61114-7335,$0,
462618515,FRIENDS OF LORD PARK ZOO INC,PO BOX 1187,ELGIN,IL,60121-1187,$0,
263337232,AQUARIUM FISH SANCTUARY,3652 S HAMILTON AVE,CHICAGO,IL,60609-1143,$0,
454088302,CHICAGO MARINE AQUARIUM SOCIETY,2268 WOODVIEW LN,PARK RIDGE,IL,60068-1042,$0,
272138872,ROCKFORD AQUARIUM,3616 STUBAI TRL,ROCKFORD,IL,61114-7335,$0,
351802210,HOOSIER HERPETOLOGICAL SOCIETY INC,PO BOX 40544,INDIANAPOLIS,IN,46240-0544,$0,
351895994,CIRCLE CITY AQUARIUM CLUB INCORPORATED,4816 E 64TH ST,INDIANAPOLIS,IN,46220-4728,$0,
431778972,GREAT BEND ZOOLOGICAL SOCIETY INC,PO BOX J,GREAT BEND,KS,67530-8010,$0,
481096978,SUNSET ZOOLOGICAL PARK AND WILDLIFE CONSERVATION TRUST FOUNDATION,330 N 17TH,MANHATTAN,KS,66502-4284,$0,
471835744,SOUTHEAST LOUISIANA AQUARIUM SOCIETY,7575 JEFFERSON HWY BIN 38,BATON ROUGE,LA,70806-0000,$0,
204985751,OCEANUS THE INLAND REEF INC,641 HIGHLAND ST,NORTHBRIDGE,MA,01534-1114,$0,
474131168,BROWN DOG COALITION AND RESCUE LIMITED,4 ANDREA DR,HOPKINTON,MA,01748-2027,$0,
465650707,CHILDRENS AQUARIUM AND EXPLORATION CENTER OF GREATER FALL RIVER INC,108 WHITTIER ST,FALL RIVER,MA,02724-1038,$0,
42654320,MASSACHUSETTS MARINE EDUCATORS NEW ENGLAND AQUARIUM,CENTRAL WHARF,BOSTON,MA,02110-0000,$0,
42654320,MASSACHUSETTS MARINE EDUCATORS NEW ENGLAND AQUARIUM,CENTRAL WHARF,BOSTON,MA,02110-0000,$0,
464847855,READY GOLF ACADEMY,15507 GLASTONBURY WAY,UPPR MARLBORO,MD,20774-8033,$0,
943211210,CATALINA 320 INTERNATIONAL ASSOCIATION,9501 SWEET GRASS RDG,COLUMBIA,MD,21046-2008,$0,
262511504,COMMITTEE FOR THE ZOOS FUTURE,8450 W 10 MILE RD,ROYAL OAK,MI,48067-3001,$0,
611657732,FRIENDS OF THE SCIDMORE PARK PETTING ZOO INC,617 THOMAS ST APT 11,THREE RIVERS,MI,49093-2716,$0,
461459473,POTTER PARK ZOOLOGICAL SOCIETY DOCENT AND VOLUNTEER ASSOCIATION,1301 S PENNSYLVANIA AVE,LANSING,MI,48912-1646,$0,
383724063,MARINELIFE AQUARIUM SOCIETY OF MICHIGAN,4680 SHERBOURNE AVE,WATERFORD,MI,48327-3255,$0,
237328721,GREATER DETROIT AQUARIUM SOCIETY,2101 N VERMONT AVE,ROYAL OAK,MI,48073-4203,$0,
264767031,SUSTAINABLE SAFARI,PO BOX 326,SCANDIA,MN,55073-0326,$0,
274913369,PRESIDENTS COUNCIL OF PHA HIGHRISES OF ST PAUL,469 ADA ST,SAINT PAUL,MN,55107-2303,$0,
274936075,PRESIDENTS COUNCIL OF PHA HIGHRISES OF ST PAUL,727 FRONT STREET,SAINT PAUL,MN,55103-1475,$0,
274936816,PRESIDENTS COUNCIL OF PHA HIGHRISES OF ST PAUL,777 HAMLINE AVE N,SAINT PAUL,MN,55104-1362,$0,
274950131,PRESIDENTS COUNCIL OF PHA HIGHRISES OF ST PAUL,10 EXCHANGE ST W,SAINT PAUL,MN,55102-1046,$0,
274950819,PRESIDENTS COUNCIL OF PHA HIGHRISES OF ST PAUL,1743 IOWA AVE E,SAINT PAUL,MN,55106-1300,$0,
262517512,TWIN CITIES MARINE AQUARIUM SOCIETY,8736 WOODLAWN DR,ROCKFORD,MN,55373-9658,$0,
262517512,TWIN CITIES MARINE AQUARIUM SOCIETY,8736 WOODLAWN DR,ROCKFORD,MN,55373-9658,$0,
202721615,MONKEY ISLAND RESCUE AND ZOOLOGICAL SANCTUARY,14505 S HARRIS RD,GREENWOOD,MO,64034-9388,$0,
464960863,WAVE AQUARIUMS INC,2882 BUCKINGHAM DR,FLORISSANT,MO,63033-1108,$0,
320433315,HEART OF AMERICA AQUARIUM SOCIETY OF KANSAS CITY,305 EAGLE GLEN DR,RAYMORE,MO,64083-9577,$0,
264303524,MERIDIAN ZOOLOGICAL PARK INC,7404 OLD HWY 80 WEST,MERIDIAN,MS,39307-0000,$0,
640933460,JACKSON ZOO FOUNDATION,2918 W CAPITOL ST,JACKSON,MS,39209-4236,$0,
260751047,BROKEN WHEEL PETTING FARM,3900 WYLIE DR,HELENA,MT,59602-8808,$0,
462090242,ZOOTASTIC CONSERVATION,448 PILCH RD,TROUTMAN,NC,28166-8783,$0,
582410844,DESIRE YOUTH SPORTS & EDUCATIONAL SERVICES,3112 DENHEM CT,MATTHEWS,NC,28105-8463,$0,
450392742,CHAHINKAPA ZOO SUSTAINING FUND,PO BOX 1326,WAHPETON,ND,58074-1326,$0,
800212122,GREATER OMAHA CAGE BIRD SOCIETY,2832 LUCHT LN,OMAHA,NE,68152-5252,$0,
20504131,CITIZENS FOR A SEACOAST AQUARIUM,PO BOX 8003,PORTSMOUTH,NH,03802-8003,$0,
541853485,KIDD CONNECTION,PO BOX 2212,CORRALES,NM,87048-2212,$0,
850346018,ALAMOGORDO FRIENDS OF THE ZOO INC,PO BOX 596,ALAMOGORDO,NM,88311-0596,$0,
273759886,WILD ADVENTURES ZOO INC,9332 ASPEN SHADOW ST,LAS VEGAS,NV,89178-5512,$0,
20574476,GREATEST CITY AQUARIUM SOCIETY INC,58 PLYMOUTH RD,GREAT NECK,NY,11023-1664,$0,
371604875,NOAHS PARK RETREAT INC,48 MAPLE AVE,GOSHEN,NY,10924-6704,$0,
800831931,NASSAU COUNTY AQUARIUM SOCIETY INC,1616 DEWEY AVE,N BELLMORE,NY,11710-2135,$0,
263632538,CENTRAL NEW YORK AQUARIUM SOCIETY,C/O 923 WADSWORTH ST,SYRACUSE,NY,13208-0000,$0,
263632538,CENTRAL NEW YORK AQUARIUM SOCIETY,C/O 923 WADSWORTH ST,SYRACUSE,NY,13208-0000,$0,
132905419,ZOOLOGICAL KINGDOM INC,2300 SOUTH BLVD,BRONX,NY,10460-0000,$0,
300220780,OHIO ZOO CONSORTIUM,9990 RIVERSIDE DRIVE BOX 400,POWELL,OH,43065-9606,$0,
311395297,GREATER CINCINNATI AQUARIUM SOCIETY,PO BOX 40477,CINCINNATI,OH,45240-0477,$0,
351919078,AQUARIUM AND ZOO FACILITIES ASSOCIATION INC,3900 WILDLIFE WAY,CLEVELAND,OH,44109-3132,$0,
311395297,GREATER CINCINNATI AQUARIUM SOCIETY,PO BOX 40477,CINCINNATI,OH,45240-0477,$0,
731582685,TULSA ZOO FRIENDS FOUNDATION,6421 E 36TH ST N,TULSA,OK,74115-2121,$0,
465038819,BELMONT GOATS,3948 N CONCORD AVE,PORTLAND,OR,97227-1012,$0,
232583430,BUCKS COUNTY AQUARIUM SOCIETY LTD,1 OVER RD,FSTRVL TRVOSE,PA,19053-3312,$0,
204283890,NORTH CENTRAL PENNSYLVANIA AQUARIUM REEF SOCIETY INC,1110 WALNUT ST,WILLIAMSPORT,PA,17701-2039,$0,
251787154,GREATER PITTSBURGH AQUARIUM SOCIETY INC,PO BOX 22452,PITTSBURGH,PA,15222-0452,$0,
204283890,NORTH CENTRAL PENNSYLVANIA AQUARIUM REEF SOCIETY INC,1110 WALNUT ST,WILLIAMSPORT,PA,17701-2039,$0,
251787154,GREATER PITTSBURGH AQUARIUM SOCIETY INC,PO BOX 22452,PITTSBURGH,PA,15222-0452,$0,
232583430,BUCKS COUNTY AQUARIUM SOCIETY LTD,1 OVER RD,FSTRVL TRVOSE,PA,19053-3312,$0,
251757984,PENNSYLVANIA ZOOLOGICAL COUNCIL,423 W 38TH ST,ERIE,PA,16508-2701,$0,
272586266,OCEANS AQUARIUM RESEARCH & SCIENCE CENTER,1260 MAIN ST,COVENTRY,RI,02816-8434,$0,
200804843,COLUMBIA MARINE AQUARIUM CLUB,101 LANDER DR,WEST COLUMBIA,SC,29169-2308,$0,
200804843,COLUMBIA MARINE AQUARIUM CLUB,101 LANDER DR,WEST COLUMBIA,SC,29169-2308,$0,
621461503,AMERICAN ASSOCIATION OF ZOO KEEPERS,2000 PENTISS PLACE,MEMPHIS,TN,38112-0000,$0,
621648605,THE TENNESSEE AQUARIUM CONSERVATION INSTITUTE,PO BOX 11048,CHATTANOOGA,TN,37401-2048,$0,
463002726,RGV VIPERS FOUNDATION,4500 N 10TH ST STE 315,MCALLEN,TX,78504-2919,$0,
741699532,ALAMO EXHIBITION BIRD CLUB INC,PO BOX 47910,SAN ANTONIO,TX,78265-8910,$0,
752893052,NORTH RIDGE ZOO CREW,1005 GROVER AVE,LUBBOCK,TX,79416-5039,$0,
751650297,DALLAS ZOO DOCENTS INCORPORATED,1036 SILVERTHORN CT,MESQUITE,TX,75150-2903,$0,
742583656,DOCENT COUNCIL OF THE GLADYS PORTER ZOO,500 E RINGGOLD ST,BROWNSVILLE,TX,78520-7918,$0,
752981833,MARINE AQUARIUM & REEF SOCIETY OF HOUSTON INC,223 DARBY TRAILS DR,SUGAR LAND,TX,77479-5244,$0,
472413408,FRIENDS OF THE TEXAS STATE AQUARIUM,2710 N SHORELINE BLVD,CORP CHRISTI,TX,78402-1004,$0,
364516244,CAPITAL OF TEXAS ZOOLOGICAL SOCIETY,376A JENKINS RD,CEDAR CREEK,TX,78612-3792,$0,
760664830,REVAS PETTING ZOO,1422 GENTLE BEND DR,MISSOURI CITY,TX,77489-4110,$0,
43588455,DALLAS FORT WORTH MARINE AQUARIUM SOCIETY,PO BOX 361,DENTON,TX,76202-0361,$0,
743017268,TEXAS ZOO ENDOWMENT TRUST,110 MEMORIAL DR,VICTORIA,TX,77901-6334,$0,
208623830,THE ZOO ART AND PARKS PRESERVATION COMMITTEE,301 S WAKARA WAY,SALT LAKE CTY,UT,84108-1214,$0,
203440647,WASATCH MARINE AQUARIUM SOCIETY,6634 S 5135 W,WEST JORDAN,UT,84081-4787,$0,
264671792,RIVER BIRCH ANIMAL FARM,PO BOX 159,LOCUST HILL,VA,23092-0159,$0,
474113586,OPERATION SAVE A SHELTER DOG,6150 W BLACKWATER RD,ZUNI,VA,23898-3002,$0,
521303598,AMERICAN ASSOCIATION FOR ZOOLOGICAL NOMENCLATURE,2968 WILSON AVE,OAKTON,VA,22124-1714,$0,
202807416,BELLEVUE GIRLS LACROSSE CLUB,PO BOX 11,MEDINA,WA,98039-0011,$0,
916060966,INLAND NORTHWEST ANIMAL SANCTUARY,16602 N DAY MT SPOKANE RD,MEAD,WA,99021-8764,$0,
10560022,A WEEK ON THE FARM INC,N9565 TAMARACK RD,EAGLE,WI,53119-1917,$0,
475465569,MYRICK PARK COMMUNITY INC,410 LOSEY BLVD N,LA CROSSE,WI,54601-3934,$0,
391642111,GREEN BAY AQUARIUM SOCIETY,2785 PAMELA DR,GREEN BAY,WI,54302-5133,$0,
300668473,ZOOLOGICAL SOCIETY OF KEWAUNEE COUNTY INC,E4280 COUNTY ROAD F,KEWAUNEE,WI,54216-9724,$0,
391383516,OSHKOSH ZOOLOGICAL SOCIETY INC,PO BOX 394,OSHKOSH,WI,54903-0394,$0,
391483376,FRIENDS OF THE BARABOO ZOO INC,124 2ND ST STE 17,BARABOO,WI,53913-2470,$0,
391642111,GREEN BAY AQUARIUM SOCIETY,2785 PAMELA DR,GREEN BAY,WI,54302-5133,$0,
463088949,FLORIDA MARINE AQUARIUM SOCIETY INC,13401 SW 82ND ST,MIAMI,FL,33183-4124,"-$3,091",
912152171,BLANCHE AND GENE NAY FOUNDATION,PO BOX 2736,BIG BEAR CITY,CA,92314-2736,"-$15,620",
680562887,NOAHS ARK ANIMAL RESCUE INC,818 WILDFLOWER LN,ROGERS,AR,72756-7658,,
860977121,RUNNIN W WILDLIFE CENTER INC,PO BOX 980,CORNVILLE,AZ,86325-0980,,
860792803,SONORAN SEA AQUARIUM,1805 S CEYLON PL,TUCSON,AZ,85748-7602,,
770150580,MONTEREY BAY AQUARIUM RESEARCH INSTITUTE,7700 SANDHOLDT RD,MOSS LANDING,CA,95039-9644,,
841293023,PUEBLO ZOOLOGICAL SOCIETY FOUNDATION,3455 NUCKOLLS AVE,PUEBLO,CO,81005-1234,,
208682363,ZOOLOGIK R FOUNDATION,2198 W 15TH ST,LOVELAND,CO,80538-3514,,
263644986,LIONSHARE EDUCATION ORGANIZATION INC,404 TACONIC RD,GREENWICH,CT,06831-2849,,
261588218,WITTE V FBO CINCINNATI ZOO,500 DELAWARE AVE STE 900,WILMINGTON,DE,19801-7409,,
471610822,FORT MYERS AQUARIUM SOCIETY,3024 SE 5TH PL,CAPE CORAL,FL,33904-3411,,
474997521,PALM BEACH MARINE AQUARIUM SOCIETY INC,7165 AVOCADO BLVD,WEST PALM BCH,FL,33412-2138,,
465436388,GEORGIA ZOOLOGICAL SOCIETY INC,2151 EATONTON RD BLDG E,MADISON,GA,30650-5088,,
462348241,EAST IDAHO AQUARIUM CORPORATION,160 N 1ST W APT 56,REXBURG,ID,83440-1560,,
463295868,FRIENDS OF SUMMERFIELD ZOO INC OF IL,3088 FLORA RD,BELVIDERE,IL,61008-9342,,
475541839,SABLE INC,125 N COUNTY ROAD 425E,ARCOLA,IL,61910-3756,,
237318995,NORTH FORK CONSERVATION CLUB INC ZOOK LAKE ROAD,PO BOX 301,HOOPESTON,IL,60942-0301,,
811284530,WHO DAT YOUTH ASSOCIATION,6465 PIPING ROCK LN APT 27,INDIANAPOLIS,IN,46254-2276,,
202310418,INDIANA MARINE AQUARIUM SOCIETY INC,6272 CANTERBURY DR,ZIONSVILLE,IN,46077-9165,,
202310418,INDIANA MARINE AQUARIUM SOCIETY INC,6272 CANTERBURY DR,ZIONSVILLE,IN,46077-9165,,
481153800,ROLLING HILLS REFUGE WILDLIFE CONSERVATION CENTER INC,PO BOX 856,SALINA,KS,67402-0856,,
465650707,CHILDRENS AQUARIUM AND EXPLORATION CENTER OF GREATER FALL RIVER INC,108 WHITTIER ST,FALL RIVER,MA,02724-1038,,
475606080,CHEROKEE WILDLIFE PARK & SANCTUARY,1204 TSALAGI ROAD,CHEROKEE,NC,28719-0000,,
811297959,YAHWEHS HEART,3442 HARVEY RD,WASHINGTON,NC,27889-7628,,
236427062,BENNERS A FBO ZOOLOGIC SOC 4947 TR UW 1513083626,1 W 4TH ST 4TH FL MAC D4000-041,WINSTON SALEM,NC,27101-3818,,
463962721,LAS VEGAS ZOOLOGICAL SOCIETY INC,3420 N BUFFALO DR,LAS VEGAS,NV,89129-7424,,
330889632,SAFARI LEARNING CENTER INC,7850 S DEAN MARTIN DR,LAS VEGAS,NV,89139-6604,,
473691662,FINGER LAKES WILDLIFE CENTER,3095 HICKOX RD,CANANDAIGUA,NY,14424-9303,,
471101697,CAPE COD CHILDRENS FARM,3187 E CENTERVILLE RD,SPRING VALLEY,OH,45370-7706,,
465750211,WILD HEARTS ZOOLOGICAL SOCIETY,8079 SALEM RD,LEWISBURG,OH,45338-7797,,
347040764,AKRON ZOOLOGICAL FOUNDATION,500 EDGEWOOD AVE,AKRON,OH,44307-2199,,
462065032,THE GAROLD WAYNE INTERACTIVE ZOOLOGICAL FOUNDATION,25803 N COUNTY ROAD 3250,WYNNEWOOD,OK,73098-9156,,
136740293,VALLEY ZOOLOGICAL SOCIETY ENDOWMENT TRUST,PO BOX 185,PITTSBURGH,PA,15230-0185,,
232602777,AQUARIUM CLUB OF LANCASTER COUNTY,560 CENTERVILLE RD STE 318,LANCASTER,PA,17601-1306,,
454540417,SUZIES ZOO SANCTUARY FOR SPECIAL NEEDS KITTIES,516 HARMONY LN,SAINT STEPHEN,SC,29479-3730,,
473591717,WORLDS AQUARIUM,601 S DIVISION ST,SPOKANE,WA,99202-1335,,
472910833,NOAHS ARK ZOO INC,2630 14TH CT,ADAMS,WI,53910-9735,,
473380675,BELIZE ZOO AND NEOTROPICAL CONSERVANCY,7647 N HONEYSUCKLE LN,EDGERTON,WI,53534-9718,,
,,,,,,,
,,,,,,,
,,,,,,,
,,,,,,,
,,,,,,,
,,,,,,,
,,,,,,,
,,,,,,,
,,,,,,,
,,,,,,,
,,,,,,,
,,,,,,,
,,,,,,,
,,,,,,,
,,,,,,,
,,,,,,,
,,,,,,,
,,,,,,,
,,,,,,,
,,,,,,,
,,,,,,,
,,,,,,,
,,,,,,,
,,,,,,,
,,,,,,,
,,,,,,,
,,,,,,,
,,,,,,,
,,,,,,,
,,,,,,,
,,,,,,,
,,,,,,,
,,,,,,,
,,,,,,,
,,,,,,,
,,,,,,,
,,,,,,,
,,,,,,,
,,,,,,,
,,,,,,,
,,,,,,,
,,,,,,,
,,,,,,,
,,,,,,,
,,,,,,,
,,,,,,,
,,,,,,,
,,,,,,,
,,,,,,,
,,,,,,,
,,,,,,,
,,,,,,,
,,,,,,,
,,,,,,,
,,,,,,,
,,,,,,,
,,,,,,,
,,,,,,,
,,,,,,,
,,,,,,,
,,,,,,,
,,,,,,,
,,,,,,,
,,,,,,,
,,,,,,,
,,,,,,,
,,,,,,,
,,,,,,,
,,,,,,,
,,,,,,,
,,,,,,,
,,,,,,,
,,,,,,,
,,,,,,,
,,,,,,,
,,,,,,,
,,,,,,,
,,,,,,,
,,,,,,,
,,,,,,,
,,,,,,,
,,,,,,,
,,,,,,,
,,,,,,,
,,,,,,,
,,,,,,,
,,,,,,,
,,,,,,,
,,,,,,,
,,,,,,,
,,,,,,,
,,,,,,,
,,,,,,,
,,,,,,,
,,,,,,,
,,,,,,,
,,,,,,,
,,,,,,,
,,,,,,,
,,,,,,,
,,,,,,,
,,,,,,,
,,,,,,,
,,,,,,,
,,,,,,,
,,,,,,,
,,,,,,,
,,,,,,,
,,,,,,,
,,,,,,,
,,,,,,,
,,,,,,,
,,,,,,,
,,,,,,,
,,,,,,,
,,,,,,,
,,,,,,,
,,,,,,,
,,,,,,,
,,,,,,,
,,,,,,,
,,,,,,,
,,,,,,,
,,,,,,,
,,,,,,,
,,,,,,,
,,,,,,,
,,,,,,,
,,,,,,,
,,,,,,,
,,,,,,,
,,,,,,,
,,,,,,,
,,,,,,,
,,,,,,,
,,,,,,,
,,,,,,,
,,,,,,,
,,,,,,,
,,,,,,,
,,,,,,,
,,,,,,,
,,,,,,,
,,,,,,,
,,,,,,,
,,,,,,,
,,,,,,,
,,,,,,,
,,,,,,,
,,,,,,,
,,,,,,,
,,,,,,,
,,,,,,,
,,,,,,,
,,,,,,,
,,,,,,,
,,,,,,,
,,,,,,,
,,,,,,,
,,,,,,,
,,,,,,,
,,,,,,,
,,,,,,,
,,,,,,,
,,,,,,,
,,,,,,,
,,,,,,,
,,,,,,,
,,,,,,,
,,,,,,,
,,,,,,,
,,,,,,,
,,,,,,,
,,,,,,,
,,,,,,,
,,,,,,,
,,,,,,,
,,,,,,,
,,,,,,,
,,,,,,,
,,,,,,,
,,,,,,,
,,,,,,,
,,,,,,,
,,,,,,,
,,,,,,,
,,,,,,,
,,,,,,,
,,,,,,,
,,,,,,,
,,,,,,,
,,,,,,,
,,,,,,,
,,,,,,,
,,,,,,,
,,,,,,,
,,,,,,,
,,,,,,,
,,,,,,,
,,,,,,,
,,,,,,,
,,,,,,,
,,,,,,,
,,,,,,,
,,,,,,,
,,,,,,,
,,,,,,,
,,,,,,,
,,,,,,,
,,,,,,,
,,,,,,,
,,,,,,,
,,,,,,,
,,,,,,,
,,,,,,,
,,,,,,,
,,,,,,,
,,,,,,,
,,,,,,,
,,,,,,,
,,,,,,,
,,,,,,,
,,,,,,,
,,,,,,,
,,,,,,,
,,,,,,,
,,,,,,,
,,,,,,,
,,,,,,,
,,,,,,,
,,,,,,,
,,,,,,,
,,,,,,,
,,,,,,,
,,,,,,,
,,,,,,,
,,,,,,,
,,,,,,,
,,,,,,,
,,,,,,,
,,,,,,,
,,,,,,,
,,,,,,,
,,,,,,,
,,,,,,,
,,,,,,,
,,,,,,,
,,,,,,,
,,,,,,,
,,,,,,,
,,,,,,,
,,,,,,,
,,,,,,,
,,,,,,,
,,,,,,,
,,,,,,,
,,,,,,,
,,,,,,,
,,,,,,,
,,,,,,,
,,,,,,,
,,,,,,,
,,,,,,,
,,,,,,,
,,,,,,,
,,,,,,,
,,,,,,,
,,,,,,,
,,,,,,,
,,,,,,,
,,,,,,,
,,,,,,,
,,,,,,,
,,,,,,,
,,,,,,,
,,,,,,,
,,,,,,,
,,,,,,,
,,,,,,,
,,,,,,,
,,,,,,,
,,,,,,,
,,,,,,,
,,,,,,,
,,,,,,,
,,,,,,,
,,,,,,,
,,,,,,,
,,,,,,,
,,,,,,,
,,,,,,,
,,,,,,,
,,,,,,,
,,,,,,,
,,,,,,,
,,,,,,,
,,,,,,,
,,,,,,,
,,,,,,,
,,,,,,,
,,,,,,,
,,,,,,,
,,,,,,,
,,,,,,,
,,,,,,,
,,,,,,,
,,,,,,,
,,,,,,,
,,,,,,,
,,,,,,,
,,,,,,,
,,,,,,,
,,,,,,,
,,,,,,,
,,,,,,,
,,,,,,,
,,,,,,,
,,,,,,,
,,,,,,,
,,,,,,,
,,,,,,,
,,,,,,,
,,,,,,,
,,,,,,,
,,,,,,,
,,,,,,,
,,,,,,,
,,,,,,,
,,,,,,,
,,,,,,,
,,,,,,,
,,,,,,,
,,,,,,,
,,,,,,,
,,,,,,,
,,,,,,,
,,,,,,,
,,,,,,,
,,,,,,,
,,,,,,,
,,,,,,,
,,,,,,,
,,,,,,,
,,,,,,,
,,,,,,,
,,,,,,,
,,,,,,,
,,,,,,,
,,,,,,,
,,,,,,,
,,,,,,,
,,,,,,,
,,,,,,,
,,,,,,,
,,,,,,,
